{"cameraMode":{"drawMode":0,"name":"Shaded","section":"Shading Mode"},"sceneLighting":true,"audioPlay":false,"sceneViewState":{"showFog":true,"showMaterialUpdate":false,"showSkybox":true,"showFlares":true,"showImageEffects":true,"showParticleSystems":true},"in2DMode":false,"pivot":{"x":-0.37783074378967287,"y":-0.39969074726104739,"z":0.13659343123435975},"rotation":{"x":0.0006599269690923393,"y":0.9861801266670227,"z":-0.1660485565662384,"w":0.004765973426401615},"size":4.00653076171875,"orthographic":false}